3b6a3939-dccc-4417-9234-dc9881916721,Emily,Martinez,0c06d4c4-40dc-4f18-9c25-964836437e39,KEI42VR56ZYT5UYVH,Enhanced,2025-02-27 21:00
a457a360-87be-4027-b2c9-7ecf86a45bc0,Emily,Thomas,14b0e1aa-2f2f-4439-bc97-5fe9a66e0cd2,TS2NPCT9E3BJQAB3B,Extreme,2025-02-27 21:05
a0bf0db7-9ec6-4d58-a15c-538fab4b1aa4,Anthony,Robinson,8da14403-4e5a-471b-8f4b-30a98ab1d84a,16W3R6WEOQ1AJS8CD,Extreme,2025-02-27 21:10
ec34871e-4d8c-430f-84e8-aa64f3f45cb6,Jessica,Roberts,e0da3696-30f3-4ca0-843f-1c4f42463286,10B9RA3WT5691YIVM,Enhanced,2025-02-27 21:10
60051003-f646-4a57-a346-cbb279079e83,Ashley,Roberts,e56fdca2-eb90-43a2-b4bd-72f2e5a56ae7,VYASKTUM3DK47X064,Basic,2025-02-27 21:10
3c177ec4-dda3-440e-9f3e-55ebc18840b9,Alice,Harris,3ba80cf0-250c-46f5-a897-f417c0deb558,UI0K3PZJ5E2E4MD5K,Enhanced,2025-02-27 21:10
73721b3f-2260-4629-99f4-a433e387f646,Abigail,Taylor,0a96cec3-c3c5-48a0-8fa2-d4d85ab80f34,T59IIOACUXUXXXB57,Extreme,2025-02-27 21:15
26ea95a9-f058-477c-a820-d5c236dda114,Karen,Brown,3f1a8701-1392-420a-82f8-82c625f4565d,OGSVM92C7GY51ABMO,Extreme,2025-02-27 21:20
5b995591-fe86-460c-bb84-cfe4618d24ab,Christopher,Clark,c26f3916-e53a-44b6-85f4-f8888177c141,SK2DFT3IW3D2LTFYE,Basic,2025-02-27 21:25
b7c502c7-1a76-4795-b3f6-e7c8f00c7edc,Noah,Perez,166017d5-af39-4d8d-8c08-bc9a3b40bb93,48FBJQHF2V32NCELA,Extreme,2025-02-27 21:25
c2b73deb-dfb7-421f-a749-c025304b223a,Emily,Robinson,2e8732a3-1fa9-4fb5-8705-c3e00c166f49,Z1BURRLG95H4U34ZV,Basic,2025-02-27 21:25
87fc08f1-9722-43d7-bd20-4b2626f313d2,Ella,Rodriguez,d7b827f5-6db9-4018-94e9-1ba7e083943b,UCCBJGA3I8MVZ8ZN2,Extreme,2025-02-27 21:25
dff66b3b-b12a-419b-a763-86498e5dfd1c,Dylan,Jones,2a518a0f-0a5a-480b-9dbe-9ca276a02052,B890K43M41Z5AJXYZ,Enhanced,2025-02-27 21:25
895133d9-2df8-44e4-a862-7e58cebd36de,Sara,Scott,22b0b70e-1854-41fa-a8a0-636c28bcbaff,3EYMP52BTPPTXIB51,Extreme,2025-02-27 21:30
120333db-77e7-4e05-bbce-7f0a0e4ea676,Samuel,Moore,5dc8d583-0012-48c2-a1cb-1849fa63eba4,JQMXQQV6QPB7B0VFE,Enhanced,2025-02-27 21:30
c7c5fb82-e020-4eb0-825d-f96027aa1542,Sophia,Hernandez,190ff4a1-93d5-48b3-996e-d1872aab68eb,PGUBCFSUSKEMWR8EY,Extreme,2025-02-27 21:35
8d1f188f-be7e-47d2-bd79-7d50c66da1d1,Isabella,Hernandez,325e0983-7754-47e6-b8cd-2c9ac80a5217,39YMXCA7TUIRKF8YF,Extreme,2025-02-27 21:35
e874fbd8-d8fa-45a7-b3d1-835eb16ce145,Evelyn,Taylor,df2e714a-5cc9-4bfa-be9b-b49f9cf7ceab,M5UJITPAPZJ8R2PJY,Extreme,2025-02-27 21:35
bfb79bc8-df7d-4822-9d1d-fc40cc7618a7,Ethan,Turner,34dddcb3-6371-45e8-85ff-c2a49efae0b9,FP4HNZI7QA1AOBTVP,Basic,2025-02-27 21:35
eae4bcb0-f52d-43b9-b92b-af0ce0cfcbb8,Ashley,Jones,d217b4bc-cd11-4186-873d-6c745417f073,R03XH9H09LIOEPY59,Enhanced,2025-02-27 21:35
229d1482-3e4d-41e2-971b-4577fe94bb59,Hannah,Thomas,cbdb8a25-12c2-4074-87e1-e52f348ae00e,AFZBERACGZ0AWDND0,Basic,2025-02-27 21:40
b094505e-710e-41b7-b080-cd7217be085e,Joshua,Taylor,792f54fd-4b8e-4efc-baf7-d0a93a5004b5,8YYEGWTFOQB3PGWFQ,Basic,2025-02-27 21:40
1a8c6751-f278-4ee8-97bf-8c75cf2efc7c,Julia,Sanchez,e64c5e1a-465f-4d89-a480-18b5e99d1dbd,EBXCWZ9ZIZN055P1W,Extreme,2025-02-27 21:40
bff060aa-0148-4ebd-af5e-72b1c8338c64,Dylan,Torres,019b7dc5-197d-4183-b594-e0ed06cec33a,36PH3WB6V1PHD676I,Extreme,2025-02-27 21:40
76bb0527-8c9a-4d8e-b1b6-f07c85a66728,Jane,Wilson,43134bb8-538e-408f-b7f8-46cccf75b864,CKE46VJ7EA0XPDXDW,Enhanced,2025-02-27 21:40
09850701-74b3-4077-bcfd-ae8213d303eb,Dylan,Martinez,a18565a7-fe63-4519-9335-22a7ee6d077c,WAH2VNHDYY8UR9G9V,Enhanced,2025-02-27 21:45
4a90c2e3-fb85-4032-b093-ac70fff5f3cb,Julia,Walker,5e35b730-c84c-468c-9408-ebb499f339b7,D7FP34PJH8JTF92DQ,Enhanced,2025-02-27 21:45
0d887b5f-9d46-429d-b31d-cc951155a4d1,Oliver,Garcia,5c1fde90-1848-4abf-be18-25ace88fe3f7,PAD6G6DMG6B4LXS8K,Enhanced,2025-02-27 21:50
b467678d-8c12-4b42-9399-8ba04fefb8cc,Hannah,Allen,93872ee1-c4e0-45f5-8c92-a216571fb9af,RTE6DVYQQRG0NAHEQ,Basic,2025-02-27 21:50
b7e4e9c8-15fe-49ad-a886-faf06bdef422,Christopher,White,34603588-5369-4271-94e1-f5245cf8ee8b,2REE7W8YN5QVPS18U,Extreme,2025-02-27 21:55
709a8851-16a1-44cd-9012-479ae02b67e1,Anthony,Walker,1172ffaa-7966-451e-85aa-5d664bf20ffc,UX1JLE7HS4CTA0ETE,Basic,2025-02-27 21:55
da824993-2c48-4c54-816a-dac6c424e26a,Christopher,Harris,ca1a9f5f-b8c5-43c9-9cfb-c379fda65d1e,OETKIDHD1UKJ6P11K,Extreme,2025-02-27 21:55
05f3e85e-cbb0-47d7-9ef1-9d4ba4225a5d,Chloe,Gonzalez,366da3e4-3ee3-4899-936d-dc8cad4825d9,HCL9IZFEOZ20LXRG2,Basic,2025-02-27 21:55
f61d688b-34bc-4b08-ac19-ce251dedac7c,Sarah,Nelson,50698ab3-266e-44bb-bb04-2622804a8547,9ZEMUZT9L6WT55NGP,Extreme,2025-02-27 22:00
2d102fce-a7eb-4477-bc55-d67085fec621,Matthew,Gonzalez,8a694315-aefd-4572-b49b-52308ebf71c6,DOJB4I9WX1H5QNJL6,Basic,2025-02-27 22:05
e9c71907-4f2c-4b6d-bae6-1de0d710cb95,Megan,Phillips,6214661c-6491-4bf6-ba83-f1fa48d497d2,99B1P68SGS4JYEDBC,Enhanced,2025-02-27 22:05
d5e5335f-b672-4cce-ba14-9ed1f769ed36,Lisa,King,e3ee02a2-216c-4c15-8591-9e73924a84df,KFOY49MM47GQ8J0B5,Enhanced,2025-02-27 22:05
fef72054-5964-449d-ba4b-0ee63314d425,Charlotte,Jones,796037cc-9dd3-47f0-b7db-b5efa30d558b,QB09PWMD9J15EDHAX,Extreme,2025-02-27 22:05
972196c0-9e3b-463f-8dea-6f7a38d87dcc,Emma,Wright,754d1160-8988-429b-b200-45ad2eb9916d,O0VJ43X9FXZUBJ84U,Extreme,2025-02-27 22:05
f3186b2d-4276-4923-97d1-a2d7bad2c425,Jane,Thomas,1afbe69f-a06b-4eae-b664-0ad05263d5b0,TIULD8UCCCHKXKS0S,Enhanced,2025-02-27 22:10
37725ada-521a-4a17-97e2-89a41dfd8d1f,Sophia,Robinson,1f51057c-d097-47e8-8906-5c8b9170fefa,UL49K0SNEMMAHI3EK,Enhanced,2025-02-27 22:10
a86b50d9-d6a5-4ca7-aaa5-0fd09cb05515,Logan,Ramirez,53af07b7-8088-4f9f-8847-e9e2207492f9,RRMGNNGGVSRATOWOW,Enhanced,2025-02-27 22:10
46378597-2ff9-4df2-adeb-2003f0769247,John,Martinez,2da0273e-afbb-4aff-a7e0-f2f4ef2d12e7,U6814O3ROM04PIOIU,Enhanced,2025-02-27 22:10
ff8794d8-289d-4b7a-b06b-016090d1564c,Chloe,Walker,fc09b6a6-b621-49b8-98d7-c43eaf177b17,HTRCBQBDLL5PU6TX8,Extreme,2025-02-27 22:10
b2dec0ea-e27e-41f5-af32-998d7d903a30,Amy,Williams,95320831-5146-44f1-ad4d-21030d0da6ce,X9XHT6SK8CLCQCWGI,Enhanced,2025-02-27 22:15
1de256ab-645f-45de-9c22-525791002c07,Jane,Gonzalez,ab19f171-2ddb-4e3c-b1bc-a0e8a2526d83,NLJQ4EVM7V9M2AZDB,Extreme,2025-02-27 22:15
ccbbfbd5-d5d0-4386-974b-3cdd4ef556e2,Chloe,Young,2753d924-a280-44f1-94dd-7beafef22ceb,NIOKEBYB1C6N0KPY2,Extreme,2025-02-27 22:20
f53d0204-9757-41c7-88fe-436c6dcba07a,Joshua,Clark,07264c8c-bbe0-47fd-af0e-ded5371b782f,K2WNLFEA54XFK8CCC,Extreme,2025-02-27 22:20
55a0ece1-f13c-4dbf-9f1e-feff5959ad1e,Abigail,Torres,4a9e851b-228d-4b59-bfad-7867fc9e6edf,I1SHS61FINTNVZO7R,Basic,2025-02-27 22:20
946bdfa0-eedd-4f4a-b3d1-b89cf09070fd,Anthony,Thomas,40f7b347-9ecf-4f13-9908-d10eb64104bd,7XR0MVLVNQPX5C0X8,Enhanced,2025-02-27 22:25
7d43a781-8285-4baf-8588-c3e68639ba85,Karen,Moore,21d802e3-c3f5-4670-905f-02624d19add6,7Q6IW83VKJZULVBTC,Basic,2025-02-27 22:25
fe9f9695-4ca5-4cb2-bec5-d04544f97cd6,Sophia,King,73e479bc-d6ff-45ae-9bfc-4a2a5ff7328c,G3Y50L67QJUPJDX95,Extreme,2025-02-27 22:25
0d56524d-392d-42e9-acb1-2696a4ca60c0,John,Lopez,ad1f7925-85ed-4be9-99d0-100cd751d381,NBNGSN7QEUYTKFKCR,Enhanced,2025-02-27 22:25
ec093482-6265-4d0b-afa8-2717f14e26f0,Isabella,Hernandez,099df9a6-1e75-4e22-9f52-4b3e162be801,NT8KGN5TYQJA2KDMP,Extreme,2025-02-27 22:30
ec5adb91-73f0-4bcc-9598-21269e3e9f3d,Megan,Roberts,33ff4743-ae03-430b-be2e-c66855a75d05,AN9G7T0KXDJKMR2J9,Basic,2025-02-27 22:30
d4903808-79f8-4c28-8c9a-11906630473d,Rachel,Garcia,8c4ff790-88ab-4f53-8c7d-dc268ac60089,1XNHJMMPOIB5DVCFE,Enhanced,2025-02-27 22:35
2627ea50-5475-48bd-814a-1954f96e1a9b,Emma,Torres,5c683a7d-d703-4997-8d15-d57e18051310,A79RKZ6TUFHT0AOXQ,Basic,2025-02-27 22:35
f79c0ad5-b4f4-46b7-a9eb-d9ec713764db,Ethan,Thompson,e389cf06-6557-46c7-ac72-51834d3aef8c,0FIMEXSBGG8SKO1CO,Enhanced,2025-02-27 22:35
a107af49-3564-4a23-b60f-80082aa71b95,Chloe,Roberts,fdc44e43-6c27-4ef8-b17b-99f314556c67,Q9H4WZ0FMTP7VG5G5,Basic,2025-02-27 22:35
c1aaf411-efc4-4924-a143-0a9b74923d20,Jessica,Taylor,2f6de012-b443-4457-8552-c201079ca0a9,2JPWB7R0IRA4NY43W,Basic,2025-02-27 22:35
fe9b02de-33c5-4487-a7eb-c3885581ead7,Ava,Lopez,39d8a451-595f-4b25-a4b4-774ed10f7150,GMT42HF15JIL5AVWY,Extreme,2025-02-27 22:40
